Arac_Tipi,Toplam_Mesafe,Toplam_Yakit,Toplam_CO2,Toplam_Maliyet,Arac_Sayisi,Yakit_Litre_per_km,Yakit_Litre_per_100km,CO2_kg_per_km,Maliyet_TL_per_km,Maliyet_Kurus_per_km
Crane Vehicle,13346.610000000088,31334.37,83976.11,1410046.65,20,2.3477,234.77,6.2919,105.65,10565.0
Large Garbage Truck,176192.3799999998,104835.65000000001,280959.52,4717604.25,21,0.595,59.5,1.5946,26.78,2678.0
Small Garbage Truck,2040.2200000000448,130098.5,348663.98,5854432.5,4,63.7669,6376.69,170.8953,2869.51,286951.0
